year,section,section_label,colour,exports_rm_bil,imports_rm_bil
2000,0,Food & Live Animals,#4E79A7,6.47,11.393
2000,1,Beverages & Tobacco,#A0CBE8,1.215,0.709
2000,2,Crude Materials,#F28E2B,10.288,7.096
2000,3,Mineral Fuels & Petroleum,#FFBE7D,35.903,14.973
2000,4,Animal & Vegetable Oils,#59A14F,12.937,0.604
2000,5,Chemicals,#8CD17D,14.278,22.371
2000,6,Manufactured Goods,#B6992D,25.788,32.596
2000,7,Machinery & Transport Equipment,#E15759,233.379,195.728
2000,8,Misc. Manufactured Articles,#FF9D9A,29.925,17.659
2000,9,Other Commodities,#79706E,3.088,8.33
2001,0,Food & Live Animals,#4E79A7,6.581,12.277
2001,1,Beverages & Tobacco,#A0CBE8,1.308,0.924
2001,2,Crude Materials,#F28E2B,7.565,6.891
2001,3,Mineral Fuels & Petroleum,#FFBE7D,32.288,14.706
2001,4,Animal & Vegetable Oils,#59A14F,12.342,0.793
2001,5,Chemicals,#8CD17D,14.318,20.704
2001,6,Manufactured Goods,#B6992D,24.114,29.297
2001,7,Machinery & Transport Equipment,#E15759,202.828,169.609
2001,8,Misc. Manufactured Articles,#FF9D9A,29.171,15.73
2001,9,Other Commodities,#79706E,3.767,9.298
2002,0,Food & Live Animals,#4E79A7,7.477,12.439
2002,1,Beverages & Tobacco,#A0CBE8,1.295,1.137
2002,2,Crude Materials,#F28E2B,8.418,6.822
2002,3,Mineral Fuels & Petroleum,#FFBE7D,30.645,14.368
2002,4,Animal & Vegetable Oils,#59A14F,17.926,1.266
2002,5,Chemicals,#8CD17D,16.669,21.761
2002,6,Manufactured Goods,#B6992D,24.845,30.319
2002,7,Machinery & Transport Equipment,#E15759,215.292,187.969
2002,8,Misc. Manufactured Articles,#FF9D9A,30.453,17.187
2002,9,Other Commodities,#79706E,4.41,9.821
2003,0,Food & Live Animals,#4E79A7,8.424,12.728
2003,1,Beverages & Tobacco,#A0CBE8,1.492,1.143
2003,2,Crude Materials,#F28E2B,10.153,7.38
2003,3,Mineral Fuels & Petroleum,#FFBE7D,40.232,17.52
2003,4,Animal & Vegetable Oils,#59A14F,24.226,1.359
2003,5,Chemicals,#8CD17D,20.55,22.764
2003,6,Manufactured Goods,#B6992D,27.982,30.48
2003,7,Machinery & Transport Equipment,#E15759,226.078,195.329
2003,8,Misc. Manufactured Articles,#FF9D9A,33.637,18.127
2003,9,Other Commodities,#79706E,5.112,9.709
2004,0,Food & Live Animals,#4E79A7,10.026,16.482
2004,1,Beverages & Tobacco,#A0CBE8,1.643,1.391
2004,2,Crude Materials,#F28E2B,12.6,10.476
2004,3,Mineral Fuels & Petroleum,#FFBE7D,55.817,25.118
2004,4,Animal & Vegetable Oils,#59A14F,26.536,2.911
2004,5,Chemicals,#8CD17D,27.081,31.786
2004,6,Manufactured Goods,#B6992D,37.069,43.317
2004,7,Machinery & Transport Equipment,#E15759,262.488,232.491
2004,8,Misc. Manufactured Articles,#FF9D9A,41.356,23.746
2004,9,Other Commodities,#79706E,6.636,11.914
2005,0,Food & Live Animals,#4E79A7,10.755,17.78
2005,1,Beverages & Tobacco,#A0CBE8,1.711,1.463
2005,2,Crude Materials,#F28E2B,14.096,10.496
2005,3,Mineral Fuels & Petroleum,#FFBE7D,71.886,34.938
2005,4,Animal & Vegetable Oils,#59A14F,24.693,2.095
2005,5,Chemicals,#8CD17D,31.112,33.896
2005,6,Manufactured Goods,#B6992D,39.098,47.964
2005,7,Machinery & Transport Equipment,#E15759,289.567,248.768
2005,8,Misc. Manufactured Articles,#FF9D9A,45.234,22.602
2005,9,Other Commodities,#79706E,8.083,12.87
2006,0,Food & Live Animals,#4E79A7,11.482,19.968
2006,1,Beverages & Tobacco,#A0CBE8,1.93,1.539
2006,2,Crude Materials,#F28E2B,16.949,12.827
2006,3,Mineral Fuels & Petroleum,#FFBE7D,80.653,41.546
2006,4,Animal & Vegetable Oils,#59A14F,27.944,2.693
2006,5,Chemicals,#8CD17D,32.929,36.813
2006,6,Manufactured Goods,#B6992D,47.936,55.651
2006,7,Machinery & Transport Equipment,#E15759,309.343,266.663
2006,8,Misc. Manufactured Articles,#FF9D9A,49.934,26.216
2006,9,Other Commodities,#79706E,10.141,14.232
2007,0,Food & Live Animals,#4E79A7,13.85,23.416
2007,1,Beverages & Tobacco,#A0CBE8,2.204,1.704
2007,2,Crude Materials,#F28E2B,16.251,16.412
2007,3,Mineral Fuels & Petroleum,#FFBE7D,86.987,44.248
2007,4,Animal & Vegetable Oils,#59A14F,39.576,3.16
2007,5,Chemicals,#8CD17D,36.167,40.796
2007,6,Manufactured Goods,#B6992D,52.658,63.508
2007,7,Machinery & Transport Equipment,#E15759,295.906,267.35
2007,8,Misc. Manufactured Articles,#FF9D9A,51.938,24.697
2007,9,Other Commodities,#79706E,8.762,16.753
2008,0,Food & Live Animals,#4E79A7,17.852,27.969
2008,1,Beverages & Tobacco,#A0CBE8,2.431,2.115
2008,2,Crude Materials,#F28E2B,17.694,18.642
2008,3,Mineral Fuels & Petroleum,#FFBE7D,121.652,56.804
2008,4,Animal & Vegetable Oils,#59A14F,56.833,5.219
2008,5,Chemicals,#8CD17D,39.486,45.622
2008,6,Manufactured Goods,#B6992D,59.151,67.155
2008,7,Machinery & Transport Equipment,#E15759,286.099,254.283
2008,8,Misc. Manufactured Articles,#FF9D9A,55.846,28.629
2008,9,Other Commodities,#79706E,5.969,13.366
2009,0,Food & Live Animals,#4E79A7,15.791,26.732
2009,1,Beverages & Tobacco,#A0CBE8,2.477,2.097
2009,2,Crude Materials,#F28E2B,13.157,14.881
2009,3,Mineral Fuels & Petroleum,#FFBE7D,79.508,35.688
2009,4,Animal & Vegetable Oils,#59A14F,43.641,4.978
2009,5,Chemicals,#8CD17D,33.263,39.406
2009,6,Manufactured Goods,#B6992D,49.356,52.801
2009,7,Machinery & Transport Equipment,#E15759,258.628,222.364
2009,8,Misc. Manufactured Articles,#FF9D9A,52.202,25.818
2009,9,Other Commodities,#79706E,4.494,9.905
2010,0,Food & Live Animals,#4E79A7,18.168,30.253
2010,1,Beverages & Tobacco,#A0CBE8,2.815,2.355
2010,2,Crude Materials,#F28E2B,19.129,19.444
2010,3,Mineral Fuels & Petroleum,#FFBE7D,101.958,52.691
2010,4,Animal & Vegetable Oils,#59A14F,54.139,7.209
2010,5,Chemicals,#8CD17D,40.618,47.86
2010,6,Manufactured Goods,#B6992D,56.391,65.553
2010,7,Machinery & Transport Equipment,#E15759,280.416,261.591
2010,8,Misc. Manufactured Articles,#FF9D9A,61.407,32.075
2010,9,Other Commodities,#79706E,3.781,9.797
2011,0,Food & Live Animals,#4E79A7,20.555,34.493
2011,1,Beverages & Tobacco,#A0CBE8,3.136,3.097
2011,2,Crude Materials,#F28E2B,25.026,24.759
2011,3,Mineral Fuels & Petroleum,#FFBE7D,125.752,67.635
2011,4,Animal & Vegetable Oils,#59A14F,73.119,11.514
2011,5,Chemicals,#8CD17D,46.211,53.902
2011,6,Manufactured Goods,#B6992D,65.4,75.039
2011,7,Machinery & Transport Equipment,#E15759,269.763,255.28
2011,8,Misc. Manufactured Articles,#FF9D9A,64.707,36.012
2011,9,Other Commodities,#79706E,4.193,11.897
2012,0,Food & Live Animals,#4E79A7,20.692,36.091
2012,1,Beverages & Tobacco,#A0CBE8,3.726,3.78
2012,2,Crude Materials,#F28E2B,20.61,24.887
2012,3,Mineral Fuels & Petroleum,#FFBE7D,143.388,86.047
2012,4,Animal & Vegetable Oils,#59A14F,63.394,9.749
2012,5,Chemicals,#8CD17D,46.102,54.547
2012,6,Manufactured Goods,#B6992D,63.624,75.196
2012,7,Machinery & Transport Equipment,#E15759,266.685,266.47
2012,8,Misc. Manufactured Articles,#FF9D9A,68.704,37.414
2012,9,Other Commodities,#79706E,5.717,12.496
2013,0,Food & Live Animals,#4E79A7,22.101,38.857
2013,1,Beverages & Tobacco,#A0CBE8,3.884,4.069
2013,2,Crude Materials,#F28E2B,19.492,23.888
2013,3,Mineral Fuels & Petroleum,#FFBE7D,160.348,105.022
2013,4,Animal & Vegetable Oils,#59A14F,49.019,4.117
2013,5,Chemicals,#8CD17D,51.761,59.416
2013,6,Manufactured Goods,#B6992D,67.7,85.374
2013,7,Machinery & Transport Equipment,#E15759,273.676,276.278
2013,8,Misc. Manufactured Articles,#FF9D9A,67.319,37.086
2013,9,Other Commodities,#79706E,4.693,14.587
2014,0,Food & Live Animals,#4E79A7,25.647,42.643
2014,1,Beverages & Tobacco,#A0CBE8,4.079,4.049
2014,2,Crude Materials,#F28E2B,17.164,21.992
2014,3,Mineral Fuels & Petroleum,#FFBE7D,168.624,114.876
2014,4,Animal & Vegetable Oils,#59A14F,50.491,4.521
2014,5,Chemicals,#8CD17D,56.575,65.993
2014,6,Manufactured Goods,#B6992D,67.819,87.419
2014,7,Machinery & Transport Equipment,#E15759,296.735,285.548
2014,8,Misc. Manufactured Articles,#FF9D9A,73.717,41.774
2014,9,Other Commodities,#79706E,4.566,14.123
2015,0,Food & Live Animals,#4E79A7,27.37,45.343
2015,1,Beverages & Tobacco,#A0CBE8,4.606,4.548
2015,2,Crude Materials,#F28E2B,21.21,22.488
2015,3,Mineral Fuels & Petroleum,#FFBE7D,125.876,85.148
2015,4,Animal & Vegetable Oils,#59A14F,47.863,6.971
2015,5,Chemicals,#8CD17D,60.674,69.736
2015,6,Manufactured Goods,#B6992D,75.145,89.629
2015,7,Machinery & Transport Equipment,#E15759,326.095,297.067
2015,8,Misc. Manufactured Articles,#FF9D9A,84.485,50.447
2015,9,Other Commodities,#79706E,4.031,14.401
2016,0,Food & Live Animals,#4E79A7,30.218,46.766
2016,1,Beverages & Tobacco,#A0CBE8,4.906,4.534
2016,2,Crude Materials,#F28E2B,22.514,24.882
2016,3,Mineral Fuels & Petroleum,#FFBE7D,111.163,72.184
2016,4,Animal & Vegetable Oils,#59A14F,50.637,5.469
2016,5,Chemicals,#8CD17D,64.669,73.571
2016,6,Manufactured Goods,#B6992D,70.015,87.922
2016,7,Machinery & Transport Equipment,#E15759,338.785,316.348
2016,8,Misc. Manufactured Articles,#FF9D9A,89.029,54.559
2016,9,Other Commodities,#79706E,5.028,12.585
2017,0,Food & Live Animals,#4E79A7,31.842,51.288
2017,1,Beverages & Tobacco,#A0CBE8,4.422,3.686
2017,2,Crude Materials,#F28E2B,28.566,33.687
2017,3,Mineral Fuels & Petroleum,#FFBE7D,144.013,106.808
2017,4,Animal & Vegetable Oils,#59A14F,56.398,6.773
2017,5,Chemicals,#8CD17D,75.088,86.217
2017,6,Manufactured Goods,#B6992D,82.821,98.037
2017,7,Machinery & Transport Equipment,#E15759,398.809,372.858
2017,8,Misc. Manufactured Articles,#FF9D9A,104.646,59.906
2017,9,Other Commodities,#79706E,8.322,17.163
2018,0,Food & Live Animals,#4E79A7,31.575,50.173
2018,1,Beverages & Tobacco,#A0CBE8,3.571,3.818
2018,2,Crude Materials,#F28E2B,25.526,36.59
2018,3,Mineral Fuels & Petroleum,#FFBE7D,157.269,126.5
2018,4,Animal & Vegetable Oils,#59A14F,47.064,6.656
2018,5,Chemicals,#8CD17D,84.859,95.378
2018,6,Manufactured Goods,#B6992D,92.699,103.045
2018,7,Machinery & Transport Equipment,#E15759,440.245,381.572
2018,8,Misc. Manufactured Articles,#FF9D9A,112.084,59.775
2018,9,Other Commodities,#79706E,8.694,16.297
2019,0,Food & Live Animals,#4E79A7,34.094,51.463
2019,1,Beverages & Tobacco,#A0CBE8,3.453,3.727
2019,2,Crude Materials,#F28E2B,27.038,41.778
2019,3,Mineral Fuels & Petroleum,#FFBE7D,143.681,123.544
2019,4,Animal & Vegetable Oils,#59A14F,46.796,6.565
2019,5,Chemicals,#8CD17D,84.957,93.238
2019,6,Manufactured Goods,#B6992D,95.841,99.008
2019,7,Machinery & Transport Equipment,#E15759,433.86,355.963
2019,8,Misc. Manufactured Articles,#FF9D9A,119.268,59.331
2019,9,Other Commodities,#79706E,6.084,14.795
2020,0,Food & Live Animals,#4E79A7,33.78,55.475
2020,1,Beverages & Tobacco,#A0CBE8,2.595,2.627
2020,2,Crude Materials,#F28E2B,24.751,41.112
2020,3,Mineral Fuels & Petroleum,#FFBE7D,112.015,95.149
2020,4,Animal & Vegetable Oils,#59A14F,54.98,8.914
2020,5,Chemicals,#8CD17D,74.96,85.58
2020,6,Manufactured Goods,#B6992D,88.473,91.045
2020,7,Machinery & Transport Equipment,#E15759,444.198,349.648
2020,8,Misc. Manufactured Articles,#FF9D9A,144.65,55.889
2020,9,Other Commodities,#79706E,3.425,15.042
2021,0,Food & Live Animals,#4E79A7,38.695,63.651
2021,1,Beverages & Tobacco,#A0CBE8,2.498,2.63
2021,2,Crude Materials,#F28E2B,28.92,58.733
2021,3,Mineral Fuels & Petroleum,#FFBE7D,154.806,123.645
2021,4,Animal & Vegetable Oils,#59A14F,79.147,14.562
2021,5,Chemicals,#8CD17D,107.516,111.681
2021,6,Manufactured Goods,#B6992D,127.469,106.424
2021,7,Machinery & Transport Equipment,#E15759,521.789,416.772
2021,8,Misc. Manufactured Articles,#FF9D9A,176.055,65.281
2021,9,Other Commodities,#79706E,4.128,23.964
2022,0,Food & Live Animals,#4E79A7,44.61,75.621
2022,1,Beverages & Tobacco,#A0CBE8,2.757,3.645
2022,2,Crude Materials,#F28E2B,31.263,53.209
2022,3,Mineral Fuels & Petroleum,#FFBE7D,264.758,241.668
2022,4,Animal & Vegetable Oils,#59A14F,100.658,18.248
2022,5,Chemicals,#8CD17D,125.677,134.305
2022,6,Manufactured Goods,#B6992D,138.746,126.843
2022,7,Machinery & Transport Equipment,#E15759,672.352,533.778
2022,8,Misc. Manufactured Articles,#FF9D9A,162.735,82.796
2022,9,Other Commodities,#79706E,6.453,23.699
2023,0,Food & Live Animals,#4E79A7,46.462,78.787
2023,1,Beverages & Tobacco,#A0CBE8,3.105,3.616
2023,2,Crude Materials,#F28E2B,29.662,43.711
2023,3,Mineral Fuels & Petroleum,#FFBE7D,236.034,231.552
2023,4,Animal & Vegetable Oils,#59A14F,74.888,11.226
2023,5,Chemicals,#8CD17D,106.155,120.956
2023,6,Manufactured Goods,#B6992D,127.578,125.495
2023,7,Machinery & Transport Equipment,#E15759,650.206,500.555
2023,8,Misc. Manufactured Articles,#FF9D9A,143.781,78.336
2023,9,Other Commodities,#79706E,8.327,16.811
