country,code,year,trade_pct_gdp,gdp_per_capita,highlight,gdp_sqrt
Zimbabwe,ZWE,2022,55.067352,5036.761,False,70.97
Zambia,ZMB,2022,69.29732,3585.1238,False,59.88
Vietnam,VNM,2022,183.15363,12979.764,False,113.93
Vanuatu,VUT,2022,63.599613,3222.836,False,56.77
Uzbekistan,UZB,2022,62.84125,9607.562,False,98.02
Uruguay,URY,2022,61.030796,30804.703,False,175.51
United States Virgin Islands,VIR,2022,205.62929,46479.3,False,215.59
United States,USA,2022,27.31394,72679.26,False,269.59
United Kingdom,GBR,2022,69.19893,53139.152,False,230.52
United Arab Emirates,ARE,2022,185.74165,70075.63,False,264.72
Ukraine,UKR,2022,87.396515,13787.121,False,117.42
Uganda,UGA,2022,34.505302,2724.906,False,52.2
Turkmenistan,TKM,2022,37.36095,17119.574,False,130.84
Turkey,TUR,2022,79.89827,33520.812,False,183.09
Tunisia,TUN,2022,116.095795,12712.224,False,112.75
Tonga,TON,2022,70.12727,6810.61,False,82.53
Togo,TGO,2022,61.575092,2739.6882,False,52.34
Albania,ALB,2022,84.698044,19388.873,False,139.24
Thailand,THA,2022,132.85872,20762.795,False,144.09
Tanzania,TZA,2022,35.003452,3546.981,False,59.56
Tajikistan,TJK,2022,65.43551,4213.7563,False,64.91
Syria,SYR,2022,35.609467,4454.8535,False,66.74
Switzerland,CHE,2022,138.5007,82777.3,False,287.71
Sweden,SWE,2022,107.111755,63088.42,False,251.17
Sudan,SDN,2022,2.6988344,3132.0771,False,55.96
Sri Lanka,LKA,2022,46.68261,13249.065,False,115.1
Spain,ESP,2022,78.46574,46733.48,False,216.18
South Korea,KOR,2022,90.585144,53228.605,False,230.71
South Africa,ZAF,2022,64.947136,13767.497,False,117.33
Somalia,SOM,2022,90.75762,1387.5475,False,37.25
Solomon Islands,SLB,2022,74.83554,2330.103,False,48.27
Slovenia,SVN,2022,186.64708,47050.066,False,216.91
Slovakia,SVK,2022,204.05632,38664.906,False,196.63
Singapore,SGP,2022,332.34958,133571.97,False,365.47
Sierra Leone,SLE,2022,45.054214,2934.7332,False,54.17
Seychelles,SYC,2022,189.82683,27978.178,False,167.27
Serbia,SRB,2022,131.9133,24651.95,False,157.01
Senegal,SEN,2022,79.59982,4228.734,False,65.03
Saudi Arabia,SAU,2022,56.824165,67178.59,False,259.19
San Marino,SMR,2022,370.43607,70887.57,False,266.25
Samoa,WSM,2022,60.84778,6449.365,False,80.31
Rwanda,RWA,2022,61.14508,2892.4597,False,53.78
Russia,RUS,2022,42.782787,38214.496,False,195.49
Romania,ROU,2022,93.94965,39256.99,False,198.13
Qatar,QAT,2022,100.21364,114740.164,False,338.73
Puerto Rico,PRI,2022,98.25647,42310.957,False,205.7
Portugal,PRT,2022,101.36414,41070.86,False,202.66
Poland,POL,2022,123.02133,43405.023,False,208.34
Philippines,PHL,2022,72.42968,9457.104,False,97.25
Peru,PER,2022,57.296974,15559.821,False,124.74
Paraguay,PRY,2022,73.73791,15259.1455,False,123.53
Panama,PAN,2022,93.475266,33915.152,False,184.16
Palestine,PSE,2022,82.39493,5753.084,False,75.85
Palau,PLW,2022,105.200935,16040.908,False,126.65
Pakistan,PAK,2022,33.031353,5526.2793,False,74.34
Oman,OMN,2022,105.74501,39780.21,False,199.45
Norway,NOR,2022,82.60948,91051.086,False,301.75
North Macedonia,MKD,2022,166.14735,22822.328,False,151.07
Niger,NER,2022,52.80615,1717.5189,False,41.44
Nicaragua,NIC,2022,115.45468,7277.8228,False,85.31
New Zealand,NZL,2022,53.476162,49964.176,False,223.53
Netherlands,NLD,2022,184.10748,71324.04,False,267.07
Nepal,NPL,2022,48.9734,4763.3877,False,69.02
Nauru,NRU,2022,167.33876,12363.6455,False,111.19
Namibia,NAM,2022,99.26256,9953.098,False,99.77
Mozambique,MOZ,2022,135.27957,1476.6656,False,38.43
Morocco,MAR,2022,100.90631,8690.448,False,93.22
Montenegro,MNE,2022,125.45594,25583.422,False,159.95
Mongolia,MNG,2022,136.32793,15310.435,False,123.74
Moldova,MDA,2022,112.11767,15358.016,False,123.93
Micronesia (country),FSM,2022,90.63439,3814.9907,False,61.77
Mexico,MEX,2022,88.798485,21391.857,False,146.26
Mauritius,MUS,2022,147.66379,25085.988,False,158.39
Mauritania,MRT,2022,102.0259,6053.2617,False,77.8
Marshall Islands,MHL,2022,128.33798,6936.865,False,83.29
Malta,MLT,2022,245.16037,56841.957,False,238.42
Mali,MLI,2022,61.56133,2813.811,False,53.05
Maldives,MDV,2022,162.24344,21357.81,False,146.14
Malaysia,MYS,2022,146.4246,32129.223,True,179.25
Algeria,DZA,2022,51.19009,14782.2,False,121.58
Malawi,MWI,2022,43.616627,1659.9594,False,40.74
Madagascar,MDG,2022,70.547134,1602.7136,False,40.03
Macao,MAC,2022,170.36804,59921.44,False,244.79
Luxembourg,LUX,2022,412.1772,132570.83,False,364.1
Lithuania,LTU,2022,175.65161,46651.215,False,215.99
Libya,LBY,2022,156.32169,11450.06,False,107.0
Lesotho,LSO,2022,142.37398,2577.5454,False,50.77
Lebanon,LBN,2022,114.888275,11474.751,False,107.12
Latvia,LVA,2022,159.89278,37718.71,False,194.21
Kyrgyzstan,KGZ,2022,133.78671,6139.778,False,78.36
Kuwait,KWT,2022,90.92041,51379.883,False,226.67
Kiribati,KIR,2022,107.685875,3107.7761,False,55.75
Kenya,KEN,2022,40.275322,5491.694,False,74.11
Kazakhstan,KAZ,2022,68.33431,33506.26,False,183.05
Jordan,JOR,2022,104.09546,9266.575,False,96.26
Japan,JPN,2022,46.81299,44972.344,False,212.07
Italy,ITA,2022,72.0165,52333.33,False,228.76
Israel,ISR,2022,60.64485,48098.188,False,219.31
Ireland,IRL,2022,237.75542,123219.08,False,351.03
Iraq,IRQ,2022,68.7588,13433.397,False,115.9
Iran,IRN,2022,48.91835,16377.961,False,127.98
Indonesia,IDN,2022,45.464672,13334.266,False,115.47
India,IND,2022,50.07527,8594.392,False,92.71
Iceland,ISL,2022,93.04872,65380.316,False,255.7
Hungary,HUN,2022,185.0002,40610.973,False,201.52
Hong Kong,HKG,2022,384.88113,64036.645,False,253.05
Honduras,HND,2022,112.698524,6352.587,False,79.7
Haiti,HTI,2022,36.52955,3057.4285,False,55.29
Guinea-Bissau,GNB,2022,45.758495,2603.2402,False,51.02
Guinea,GIN,2022,94.165276,3792.0107,False,61.58
Guatemala,GTM,2022,54.431038,12147.931,False,110.22
Greenland,GRL,2022,93.365135,70681.23,False,265.86
Greece,GRC,2022,108.12184,35831.344,False,189.29
Ghana,GHA,2022,70.115456,6728.454,False,82.03
Germany,DEU,2022,88.78575,63676.086,False,252.34
Georgia,GEO,2022,114.695435,20966.527,False,144.8
Gambia,GMB,2022,44.72192,2863.1804,False,53.51
Gabon,GAB,2022,92.06309,18662.049,False,136.61
France,FRA,2022,75.963005,53673.812,False,231.68
Finland,FIN,2022,94.56253,57068.305,False,238.89
Faroe Islands,FRO,2022,122.86334,70256.72,False,265.06
Ethiopia,ETH,2022,26.595499,2655.5928,False,51.53
Eswatini,SWZ,2022,92.57159,9927.605,False,99.64
Estonia,EST,2022,175.68712,43128.633,False,207.67
Antigua and Barbuda,ATG,2022,117.70353,27941.785,False,167.16
Angola,AGO,2022,55.254772,8950.143,False,94.61
Equatorial Guinea,GNQ,2022,81.81302,16932.771,False,130.13
El Salvador,SLV,2022,88.70111,11085.618,False,105.29
Egypt,EGY,2022,36.983105,16360.391,False,127.91
Ecuador,ECU,2022,61.880795,14186.639,False,119.11
East Timor,TLS,2022,97.62111,5348.492,False,73.13
Dominican Republic,DOM,2022,54.378197,22986.959,False,151.61
Djibouti,DJI,2022,302.2854,6180.68,False,78.62
Denmark,DNK,2022,131.99582,69475.32,False,263.58
Democratic Republic of Congo,COD,2022,85.82217,1484.3384,False,38.53
Czechia,CZE,2022,144.01149,48390.66,False,219.98
Cyprus,CYP,2022,205.75354,50623.797,False,225.0
Croatia,HRV,2022,125.41088,39864.01,False,199.66
Cote d'Ivoire,CIV,2022,52.86639,6272.264,False,79.2
Costa Rica,CRI,2022,82.22753,24831.719,False,157.58
Congo,COG,2022,98.16134,6205.105,False,78.77
Comoros,COM,2022,50.38877,3399.2783,False,58.3
Colombia,COL,2022,48.282654,18458.72,False,135.86
China,CHN,2022,37.44072,21499.383,False,146.63
Chile,CHL,2022,75.201614,29569.479,False,171.96
Chad,TCD,2022,47.988377,2449.4824,False,49.49
Central African Republic,CAF,2022,45.23357,1136.8018,False,33.72
Cape Verde,CPV,2022,96.99414,8850.106,False,94.08
Canada,CAN,2022,67.31762,58321.062,False,241.5
Cameroon,CMR,2022,41.286602,4843.6504,False,69.6
Cambodia,KHM,2022,145.87363,6458.368,False,80.36
Burkina Faso,BFA,2022,67.52029,2469.1995,False,49.69
Bulgaria,BGR,2022,138.84488,32433.793,False,180.09
Brunei,BRN,2022,146.97397,76357.83,False,276.33
Brazil,BRA,2022,38.816067,18554.047,False,136.21
Botswana,BWA,2022,85.61171,18647.373,False,136.56
Bosnia and Herzegovina,BIH,2022,110.205284,19298.197,False,138.92
Bolivia,BOL,2022,57.524933,11487.715,False,107.18
Bhutan,BTN,2022,85.57121,14061.3125,False,118.58
Bermuda,BMU,2022,75.19723,98145.17,False,313.28
Benin,BEN,2022,44.38159,3588.3252,False,59.9
Belize,BLZ,2022,107.84025,12565.364,False,112.1
Belgium,BEL,2022,191.17903,62561.78,False,250.12
Belarus,BLR,2022,120.02421,26537.508,False,162.9
Bangladesh,BGD,2022,33.77997,7888.164,False,88.82
Bahrain,BHR,2022,167.14124,57572.996,False,239.94
Bahamas,BHS,2022,75.98296,34342.93,False,185.32
Azerbaijan,AZE,2022,86.98228,21051.244,False,145.09
Austria,AUT,2022,123.57958,65694.555,False,256.31
Australia,AUS,2022,45.69464,60029.133,False,245.01
Aruba,ABW,2022,160.63455,38979.836,False,197.43
Armenia,ARM,2022,103.87863,17886.178,False,133.74
Argentina,ARG,2022,31.58018,27825.027,False,166.81
Afghanistan,AFG,2022,72.88547,1981.7102,False,44.52
Cayman Islands,CYM,2020,105.47279,76818.8,False,277.16
Curacao,CUW,2018,155.26886,26734.646,False,163.51
Laos,LAO,2016,75.09189,8183.0327,False,90.46
Suriname,SUR,2010,90.961395,18742.588,False,136.9
Guyana,GUY,2005,194.35075,37068.2,False,192.53
Papua New Guinea,PNG,2004,131.08292,4125.493,False,64.23
Nigeria,NGA,1960,26.166513,7752.262,False,88.05
